{"IcoMoonType":"selection","icons":[{"icon":{"paths":["M843.571 305.37h-843.571v524.889c0 98.353 79.732 178.087 178.087 178.087h487.397c98.353 0 178.087-79.734 178.087-178.087v-524.889zM178.087 941.564c-61.472 0-111.304-49.833-111.304-111.304v-458.107h710.006v458.107c0 61.471-49.833 111.304-111.304 111.304h-487.397z","M267.717 536.937v-275.678c0-85.090 68.979-154.069 154.069-154.069s154.067 68.979 154.067 154.069v275.678c0 18.441 14.95 33.391 33.391 33.391s33.391-14.95 33.391-33.391v-275.678c0-121.973-98.878-220.851-220.85-220.851-121.973 0-220.851 98.879-220.851 220.851v275.678c0 18.441 14.95 33.391 33.391 33.391s33.391-14.95 33.391-33.391z"],"attrs":[{},{}],"width":846,"isMulticolor":false,"isMulticolor2":false,"grid":0,"tags":["basket"]},"attrs":[{},{}],"properties":{"order":4,"id":0,"name":"basket","prevSize":32,"code":59648},"setIdx":0,"setId":3,"iconIdx":0}],"height":1024,"metadata":{"name":"icomoon"},"preferences":{"showGlyphs":true,"showQuickUse":true,"showQuickUse2":true,"showSVGs":true,"fontPref":{"prefix":"icon-","metadata":{"fontFamily":"icomoon"},"metrics":{"emSize":1024,"baseline":6.25,"whitespace":50},"embed":false},"imagePref":{"prefix":"icon-","png":true,"useClassSelector":true,"color":0,"bgColor":16777215,"classSelector":".icon","name":"icomoon"},"historySize":50,"showCodes":true,"gridSize":16}}